dates,nearby_close
2/4/2008,1326
2/5/2008,1323
2/6/2008,1318.5
2/7/2008,1331.5
2/8/2008,1339
2/11/2008,1326
2/12/2008,1321
2/13/2008,1328.5
2/14/2008,1368
2/15/2008,1373.75
2/18/2008,1373.75
2/19/2008,1398.5
2/20/2008,1397.75
2/21/2008,1405.75
2/22/2008,1420
3/5/2008,1490.5
3/6/2008,1443
3/7/2008,1341
3/10/2008,1388
3/11/2008,1392.5
3/12/2008,1379
3/13/2008,1387
3/14/2008,1340
3/17/2008,1302.75
3/18/2008,1307
3/19/2008,1257
3/20/2008,1207
3/21/2008,1207
3/24/2008,1257
3/25/2008,1307
3/26/2008,1352
3/27/2008,1327.25
3/28/2008,1267.25
3/31/2008,1197.25
4/1/2008,1211
4/2/2008,1243
4/3/2008,1257
4/4/2008,1277
4/7/2008,1255
4/8/2008,1251.5
4/9/2008,1313
4/10/2008,1356
4/11/2008,1332.5
4/14/2008,1372.5
4/15/2008,1380
4/16/2008,1344.75
4/17/2008,1350.5
4/18/2008,1361.5
4/21/2008,1315.5
4/22/2008,1374.75
4/23/2008,1372
4/24/2008,1348.75
4/25/2008,1325.75
4/28/2008,1283.5
4/29/2008,1279.5
4/30/2008,1301.75
5/1/2008,1258.75
5/2/2008,1292.5
5/5/2008,1273
5/6/2008,1264.5
5/7/2008,1297.25
5/8/2008,1298.25
5/9/2008,1349.5
5/12/2008,1335
5/13/2008,1374.5
5/14/2008,1371
5/15/2008,1347.5
5/16/2008,1378
5/19/2008,1333
5/20/2008,1331.5
5/21/2008,1349
5/22/2008,1324.75
5/23/2008,1368
5/26/2008,1368
5/27/2008,1347.75
5/28/2008,1372.75
5/29/2008,1322.75
5/30/2008,1363.5
6/2/2008,1365.5
6/3/2008,1359.5
6/4/2008,1389
6/5/2008,1452
6/6/2008,1457.5
6/9/2008,1452
6/10/2008,1446.5
6/11/2008,1516.5
6/12/2008,1536.5
6/13/2008,1560
6/16/2008,1534
6/17/2008,1558
6/18/2008,1556
6/19/2008,1545.5
6/20/2008,1532.5
6/23/2008,1515
6/24/2008,1501
6/25/2008,1537.5
6/26/2008,1574.25
6/27/2008,1581.5
6/30/2008,1605
7/1/2008,1628
7/2/2008,1645.75
7/3/2008,1658
7/4/2008,1658
7/7/2008,1589
7/8/2008,1561
7/9/2008,1578
7/10/2008,1609.5
7/11/2008,1630.5
7/14/2008,1595
7/16/2008,1573
7/17/2008,1521
7/18/2008,1470
7/21/2008,1409.5
7/22/2008,1416.75
7/23/2008,1394.25
7/24/2008,1385
7/25/2008,1398.75
7/28/2008,1400.25
7/29/2008,1384.25
7/30/2008,1394
7/31/2008,1395.75
8/1/2008,1357.75
8/4/2008,1287
8/5/2008,1262.5
8/6/2008,1220.5
8/7/2008,1243
8/8/2008,1199
8/11/2008,1215
8/12/2008,1220
8/13/2008,1270
8/14/2008,1245.5
8/15/2008,1211.5
8/18/2008,1279
11/24/2008,884
11/25/2008,883
11/26/2008,886
11/28/2008,883
12/1/2008,846
12/3/2008,830
12/4/2008,811
12/5/2008,783.5
12/8/2008,820.5
12/9/2008,813
12/10/2008,829.5
12/11/2008,856.5
12/12/2008,854
12/15/2008,846
12/16/2008,858.5
12/17/2008,864
12/18/2008,869.5
12/19/2008,868.25
12/22/2008,886.5
12/23/2008,901
12/24/2008,915.75
12/26/2008,951.75
12/29/2008,938.5
12/30/2008,945.75
12/31/2008,972.25
1/2/2009,970
1/5/2009,983.75
1/6/2009,1014.25
1/7/2009,990
1/8/2009,989
1/9/2009,1037.5
1/12/2009,954
1/13/2009,969.5
1/14/2009,978
1/15/2009,994.5
1/16/2009,1020
1/20/2009,992
1/21/2009,1020.5
1/22/2009,1012
1/23/2009,1009
1/26/2009,1009
1/27/2009,976
1/28/2009,982.5
1/29/2009,970.5
1/30/2009,980
2/2/2009,959.5
2/3/2009,946
2/4/2009,949.5
2/5/2009,980
2/6/2009,1001
2/9/2009,1002
2/10/2009,994
2/11/2009,978
2/12/2009,968.5
2/13/2009,955.5
2/16/2009,955.5
2/17/2009,903
2/18/2009,887.5
2/19/2009,884.5
2/20/2009,862.5
2/23/2009,872.75
2/24/2009,881
2/25/2009,878
2/26/2009,869.25
2/27/2009,874.5
3/2/2009,848.5
3/3/2009,863
3/4/2009,875.5
3/5/2009,862.5
3/6/2009,879
3/9/2009,881
3/10/2009,889
3/11/2009,875
3/12/2009,899
3/13/2009,882.5
3/16/2009,911
3/17/2009,913
3/18/2009,915
3/19/2009,940.5
3/20/2009,952
3/23/2009,955.5
3/24/2009,967
3/25/2009,951
3/26/2009,944
3/27/2009,917
3/30/2009,904.5
3/31/2009,952
4/1/2009,952
4/2/2009,977
4/3/2009,995.5
4/6/2009,994
4/7/2009,989.5
4/8/2009,1006
4/9/2009,1007
4/10/2009,1007
4/13/2009,1021.5
4/14/2009,1036
4/15/2009,1035
4/16/2009,1058.5
4/17/2009,1051
4/20/2009,1018.5
4/21/2009,1038
4/22/2009,1046
4/23/2009,1037.75
4/24/2009,1040.25
4/27/2009,1004.75
4/28/2009,989.5
4/29/2009,1034
4/30/2009,1070
5/1/2009,1102
5/4/2009,1115.25
5/5/2009,1116
5/6/2009,1135
5/7/2009,1119
5/8/2009,1134
5/11/2009,1130
5/12/2009,1137.5
5/13/2009,1150
5/14/2009,1166
5/15/2009,1130.5
5/18/2009,1146.5
5/19/2009,1162
5/20/2009,1169
5/21/2009,1175
5/22/2009,1166
5/25/2009,1166
5/26/2009,1185.5
5/27/2009,1187
5/28/2009,1179
5/29/2009,1184
6/1/2009,1218.5
6/2/2009,1209
6/3/2009,1182
6/4/2009,1230
6/5/2009,1225.5
6/8/2009,1232.5
6/9/2009,1243.5
6/10/2009,1246
6/11/2009,1267
6/12/2009,1245.5
6/15/2009,1197
6/16/2009,1201.25
6/17/2009,1206.25
6/18/2009,1213.75
6/19/2009,1179
6/22/2009,1151.5
6/23/2009,1179
6/24/2009,1185
6/25/2009,1196
6/26/2009,1201
6/29/2009,1215
6/30/2009,1226.25
7/1/2009,1258.5
7/2/2009,1243
7/3/2009,1243
7/6/2009,1200
7/7/2009,1133.5
7/8/2009,1084
7/9/2009,1110.5
7/10/2009,1128.25
7/13/2009,1091.5
7/14/2009,1074
7/15/2009,1020.5
7/16/2009,976
7/17/2009,1009.5
7/20/2009,1033
7/21/2009,1014.5
7/22/2009,1018.5
7/23/2009,1023.5
7/24/2009,1021
7/27/2009,1021.25
7/28/2009,1054.5
7/29/2009,1057.5
7/30/2009,1128.25
7/31/2009,1134
8/3/2009,1173.5
8/4/2009,1165
8/5/2009,1175
8/6/2009,1170.5
8/7/2009,1184.5
8/10/2009,1170.5
8/11/2009,1216.5
8/12/2009,1216
8/13/2009,1187.25
8/14/2009,1100
8/17/2009,988
8/18/2009,995.5
8/19/2009,997
8/20/2009,999.25
8/21/2009,1023
8/24/2009,1080
8/25/2009,1091
8/26/2009,1090.5
8/27/2009,1114.25
8/28/2009,1135.75
8/31/2009,1100
9/1/2009,1014
9/2/2009,1009.25
9/3/2009,982
9/4/2009,961
9/7/2009,961
9/8/2009,969
9/9/2009,961.5
9/10/2009,973.5
9/11/2009,984.5
9/14/2009,925
9/15/2009,960
9/16/2009,950.5
9/17/2009,953
9/18/2009,941
9/21/2009,913.5
9/22/2009,922
9/23/2009,920.5
9/24/2009,919.5
9/25/2009,926
9/28/2009,919.5
9/29/2009,917
9/30/2009,927
10/1/2009,918
10/2/2009,885
10/5/2009,885
10/6/2009,910
10/7/2009,912
10/8/2009,936
10/9/2009,964
10/12/2009,999
10/13/2009,993
10/14/2009,994
10/15/2009,983
10/16/2009,977.5
10/19/2009,996.25
10/20/2009,982.5
10/21/2009,1008.5
10/22/2009,1005.5
10/23/2009,1006
10/26/2009,986.5
10/27/2009,973.5
10/28/2009,968.5
10/29/2009,985.5
10/30/2009,978
11/2/2009,997.5
11/3/2009,1006.75
11/4/2009,995.5
11/5/2009,967
11/6/2009,948
11/9/2009,964.25
11/10/2009,961.5
11/11/2009,963.75
11/12/2009,982.25
11/13/2009,984
11/16/2009,1010
11/17/2009,1029.5
11/18/2009,1027
11/19/2009,1039
11/20/2009,1046
11/23/2009,1042
11/24/2009,1046
11/25/2009,1054.5
11/26/2009,1054.5
11/27/2009,1053
11/30/2009,1060.5
12/1/2009,1059.5
12/2/2009,1034
12/3/2009,1047
12/4/2009,1043
12/7/2009,1053
12/8/2009,1044
12/9/2009,1028.5
12/10/2009,1027
12/11/2009,1035
12/14/2009,1055
12/15/2009,1055
12/16/2009,1059.5
12/17/2009,1022
12/18/2009,1012
12/21/2009,1001
12/22/2009,991
12/23/2009,1001.25
12/24/2009,999.5
12/28/2009,1029
12/29/2009,1038
12/30/2009,1036.25
12/31/2009,1039.75
1/4/2010,1049.5
1/5/2010,1052.25
1/6/2010,1050.5
1/7/2010,1017.75
1/8/2010,1013
1/11/2010,1001.75
1/12/2010,969.5
1/13/2010,983.5
1/14/2010,968.5
1/15/2010,974
1/18/2010,974
1/19/2010,963.5
1/20/2010,950
1/21/2010,954
1/22/2010,951.5
1/25/2010,940.5
1/26/2010,947.5
1/27/2010,929
1/28/2010,931.75
1/29/2010,914
2/1/2010,909.75
2/2/2010,925.5
2/3/2010,908
2/4/2010,914
2/5/2010,913.5
2/8/2010,929.5
2/9/2010,924.5
2/10/2010,937.5
2/11/2010,943
2/12/2010,945
2/15/2010,945
2/16/2010,965.5
2/17/2010,951.5
2/18/2010,948
2/19/2010,945
2/22/2010,961.5
2/23/2010,952.5
2/24/2010,955.5
2/25/2010,941.5
2/26/2010,951
3/1/2010,952.5
3/2/2010,954.25
3/3/2010,954.5
3/4/2010,932.5
3/5/2010,934.75
3/8/2010,940.5
3/9/2010,941.5
3/10/2010,952
3/11/2010,925.5
3/12/2010,926
3/15/2010,930
3/16/2010,945
3/17/2010,959
3/18/2010,959.5
3/19/2010,961.75
3/22/2010,968.5
3/23/2010,968
3/24/2010,960
3/25/2010,942.5
3/26/2010,952
3/29/2010,967.5
3/30/2010,974
3/31/2010,941
4/1/2010,942
4/5/2010,936
4/6/2010,944.5
4/7/2010,952.5
4/8/2010,946.5
4/9/2010,952.25
4/12/2010,960
4/13/2010,968
4/14/2010,969
4/15/2010,984
4/16/2010,985.25
4/19/2010,976.75
4/20/2010,984
4/21/2010,995.5
4/22/2010,1004.25
4/23/2010,1000
4/27/2010,982.75
4/28/2010,982.75
4/29/2010,985.75
4/30/2010,989.5
5/3/2010,975.75
5/4/2010,977
5/5/2010,968.25
5/6/2010,945.5
5/7/2010,951.25
5/10/2010,952.75
5/11/2010,958.25
5/12/2010,959.5
5/13/2010,960.5
5/14/2010,948
5/17/2010,941
5/18/2010,939.5
5/19/2010,938.5
5/20/2010,944
5/21/2010,941
5/24/2010,940.5
5/25/2010,930.5
5/26/2010,938
5/27/2010,951.75
5/28/2010,937.75
5/31/2010,937.75
6/1/2010,932
6/2/2010,932.5
6/3/2010,955
6/4/2010,935
6/7/2010,935
6/8/2010,931
6/9/2010,943.5
6/10/2010,935
6/11/2010,946.25
6/14/2010,951.5
6/15/2010,949.5
6/16/2010,957.75
6/17/2010,952
6/18/2010,961
6/21/2010,963.25
6/22/2010,965.5
6/23/2010,958
6/24/2010,955.5
6/25/2010,957
6/28/2010,955
6/29/2010,947.25
6/30/2010,948.5
7/1/2010,953.5
7/2/2010,962.75
7/5/2010,962.75
7/6/2010,964.25
7/7/2010,993
7/8/2010,1012.5
7/9/2010,1025.5
7/12/2010,1031.75
7/13/2010,1030.5
7/14/2010,1036
7/15/2010,1019
7/16/2010,1019.5
7/19/2010,1008
7/20/2010,1011.75
7/21/2010,1015.25
7/22/2010,1016
7/23/2010,1017
7/26/2010,998.25
7/27/2010,998
7/28/2010,1010.5
7/29/2010,1026.75
7/30/2010,1052.5
8/2/2010,1053.25
8/3/2010,1053.5
8/4/2010,1053
8/5/2010,1055
8/6/2010,1059
8/9/2010,1048.5
8/10/2010,1036.25
8/11/2010,1044.5
8/12/2010,1057
8/13/2010,1052
8/16/2010,1034
8/17/2010,1045.25
8/18/2010,1035.25
8/19/2010,1016.75
8/20/2010,1009.25
8/23/2010,1007
8/24/2010,999.5
8/25/2010,1000
8/26/2010,1013
8/27/2010,1022
8/30/2010,1018
8/31/2010,1008
9/1/2010,1004.5
9/2/2010,1007.5
9/3/2010,1029.75
9/6/2010,1029.75
9/7/2010,1043.75
9/8/2010,1041.25
9/9/2010,1037.75
9/10/2010,1023.5
9/13/2010,1025.25
9/14/2010,1025
9/15/2010,1042.5
9/16/2010,1036.25
9/17/2010,1069
9/20/2010,1084.5
9/21/2010,1080
9/22/2010,1088.5
9/23/2010,1093.5
9/24/2010,1126
9/27/2010,1128.5
9/28/2010,1110
9/29/2010,1099
9/30/2010,1106.75
10/1/2010,1057
10/4/2010,1054
10/5/2010,1071.75
10/6/2010,1062
10/7/2010,1065
10/8/2010,1135
10/11/2010,1152.5
10/12/2010,1178.5
10/13/2010,1176.5
10/14/2010,1188.5
10/15/2010,1185
10/18/2010,1184
10/19/2010,1180
10/20/2010,1212
10/21/2010,1201.5
10/22/2010,1199.5
10/25/2010,1217.75
10/26/2010,1219
10/27/2010,1223.75
10/28/2010,1225
10/29/2010,1226
11/1/2010,1225.25
11/2/2010,1223.75
11/3/2010,1227.5
11/4/2010,1264.75
11/5/2010,1273.5
11/8/2010,1264.5
11/9/2010,1319.25
11/10/2010,1309.5
11/11/2010,1330.25
11/12/2010,1263
11/15/2010,1286.5
11/16/2010,1219.75
11/17/2010,1205
11/18/2010,1242
11/19/2010,1201.5
11/22/2010,1221.5
11/23/2010,1239
11/24/2010,1255
11/25/2010,1255
11/26/2010,1238.5
11/29/2010,1235
11/30/2010,1243
12/1/2010,1283
12/2/2010,1279.75
12/3/2010,1300.25
12/6/2010,1288.5
12/7/2010,1285.5
12/8/2010,1296
12/9/2010,1281.5
12/10/2010,1273
12/13/2010,1302.5
12/14/2010,1296
12/15/2010,1296.5
12/16/2010,1289
12/17/2010,1298.75
12/20/2010,1315.25
12/21/2010,1326.25
12/22/2010,1328.75
12/23/2010,1349.5
12/24/2010,1349.5
12/27/2010,1373
12/28/2010,1375.75
12/29/2010,1366
12/30/2010,1366
12/31/2010,1393.75
1/3/2011,1370.25
1/4/2011,1361
1/5/2011,1386
1/6/2011,1369.5
1/7/2011,1357.75
1/10/2011,1373.25
1/11/2011,1350.5
1/12/2011,1409
1/13/2011,1410
1/14/2011,1406.5
1/17/2011,1406.5
1/18/2011,1413.25
1/19/2011,1411.5
1/20/2011,1414.25
1/21/2011,1412.25
1/24/2011,1404.5
1/25/2011,1374.5
1/26/2011,1385.5
1/27/2011,1399.5
1/28/2011,1398
1/31/2011,1413
2/1/2011,1438
2/2/2011,1444
2/3/2011,1435.5
2/4/2011,1433.5
2/7/2011,1424.5
2/8/2011,1434.25
2/9/2011,1451
2/10/2011,1433
2/11/2011,1416
2/14/2011,1402.75
2/15/2011,1368
2/16/2011,1366
2/17/2011,1404.5
2/18/2011,1368
2/21/2011,1368
2/22/2011,1298
2/23/2011,1320
2/24/2011,1318.25
2/25/2011,1365.5
2/28/2011,1357.25
3/1/2011,1367.5
3/2/2011,1387.25
3/3/2011,1405.5
3/4/2011,1407.75
3/7/2011,1387.75
3/8/2011,1375.5
3/9/2011,1344
3/10/2011,1348.75
3/11/2011,1326.5
3/14/2011,1329
3/15/2011,1270
3/16/2011,1287
3/17/2011,1335.25
3/18/2011,1362.5
3/21/2011,1363
3/22/2011,1365.5
3/23/2011,1351.25
3/24/2011,1354.5
3/25/2011,1358.25
3/28/2011,1348.5
3/29/2011,1361.5
3/30/2011,1372
3/31/2011,1410.25
4/1/2011,1393.75
4/4/2011,1384
4/5/2011,1373.25
4/6/2011,1376.5
4/7/2011,1363.5
4/8/2011,1392.25
4/11/2011,1368.5
4/12/2011,1329.75
4/13/2011,1333.5
4/14/2011,1331
4/15/2011,1331.75
4/18/2011,1344.25
4/19/2011,1342
4/20/2011,1357.75
4/21/2011,1380.5
4/22/2011,1380.5
4/25/2011,1389.5
4/26/2011,1382.75
4/27/2011,1378
4/28/2011,1350.25
4/29/2011,1392.75
5/2/2011,1390.25
5/3/2011,1359.25
5/4/2011,1350.5
5/5/2011,1319.75
5/6/2011,1325
5/9/2011,1335
5/10/2011,1340
5/11/2011,1333.5
5/12/2011,1345.25
5/13/2011,1337
5/16/2011,1326.5
5/17/2011,1341
5/18/2011,1379.5
5/19/2011,1379.5
5/20/2011,1380.25
5/23/2011,1373.75
5/24/2011,1372.25
5/25/2011,1377
5/26/2011,1384.75
5/27/2011,1379.75
5/30/2011,1379.75
5/31/2011,1376
6/1/2011,1386.25
6/2/2011,1407
6/3/2011,1414.5
6/6/2011,1383.25
6/7/2011,1394
6/8/2011,1401.5
6/9/2011,1393.75
6/10/2011,1387.25
6/13/2011,1382.75
6/14/2011,1368
6/15/2011,1368
6/16/2011,1350.5
6/17/2011,1333
6/20/2011,1335.75
6/22/2011,1330.25
6/23/2011,1317.75
6/24/2011,1320.25
6/27/2011,1329.75
6/28/2011,1330.75
6/29/2011,1334.25
6/30/2011,1306.25
7/1/2011,1322.25
7/4/2011,1322.25
7/5/2011,1332.25
7/6/2011,1331
7/7/2011,1345.5
7/8/2011,1352
7/11/2011,1352.5
7/12/2011,1366.5
7/13/2011,1387
7/14/2011,1390.5
7/15/2011,1385.75
7/18/2011,1385.5
7/19/2011,1379.25
7/20/2011,1378.25
7/21/2011,1380.25
7/22/2011,1380.25
7/25/2011,1365.5
7/26/2011,1383
7/27/2011,1375.75
7/28/2011,1367.75
7/29/2011,1354.25
8/1/2011,1358.75
8/2/2011,1373
8/3/2011,1364
8/4/2011,1339.25
8/5/2011,1331.5
8/8/2011,1309.25
8/9/2011,1298.75
8/10/2011,1300.75
8/11/2011,1333.75
8/12/2011,1337
8/15/2011,1343.5
8/16/2011,1340
8/17/2011,1356.75
8/18/2011,1352
8/19/2011,1359.75
8/22/2011,1376.5
8/23/2011,1389.5
8/24/2011,1386.5
8/25/2011,1386
8/26/2011,1414.75
8/29/2011,1438
8/31/2011,1449
9/1/2011,1424.75
9/2/2011,1436
9/5/2011,1436
9/6/2011,1413.5
9/7/2011,1411
9/8/2011,1407.25
9/9/2011,1416.5
9/12/2011,1387.5
9/14/2011,1374
9/15/2011,1358.75
9/16/2011,1355.5
9/19/2011,1336
9/20/2011,1338
9/21/2011,1320.5
9/23/2011,1258
9/26/2011,1259.75
9/27/2011,1263
9/28/2011,1223.5
9/29/2011,1230
9/30/2011,1179
10/3/2011,1177.5
10/4/2011,1160
10/5/2011,1163.75
10/6/2011,1163.75
10/7/2011,1158.25
10/10/2011,1177.5
10/11/2011,1235.5
10/12/2011,1239.5
10/13/2011,1257
10/14/2011,1270
10/17/2011,1253
10/18/2011,1250.75
10/19/2011,1225
10/20/2011,1225
10/21/2011,1212.25
10/24/2011,1226.75
10/25/2011,1225.5
10/26/2011,1210.5
10/27/2011,1235
10/28/2011,1217
10/31/2011,1207.5
11/1/2011,1219.25
11/2/2011,1193.5
11/3/2011,1219.25
11/4/2011,1212.5
11/7/2011,1192.25
11/8/2011,1195.25
11/9/2011,1175.75
11/10/2011,1158
11/11/2011,1166
11/14/2011,1172
11/15/2011,1200.25
11/16/2011,1187.75
11/17/2011,1168.25
11/18/2011,1168.25
11/21/2011,1148
11/22/2011,1153
11/23/2011,1122.5
11/24/2011,1122.5
11/25/2011,1106.5
11/28/2011,1121
11/29/2011,1125
11/30/2011,1131.25
12/1/2011,1128
12/2/2011,1135.75
12/5/2011,1126.25
12/6/2011,1129.5
12/7/2011,1131
12/8/2011,1132.5
12/9/2011,1107
12/12/2011,1112
12/13/2011,1118.5
12/14/2011,1100
12/15/2011,1111.75
12/16/2011,1130
12/19/2011,1137
12/20/2011,1144.5
12/21/2011,1153.75
12/22/2011,1162.25
12/26/2011,1163
12/27/2011,1199.75
12/28/2011,1198.25
12/29/2011,1187.5
12/30/2011,1198.5
1/2/2012,1198.5
1/3/2012,1218.25
1/4/2012,1221.5
1/5/2012,1201.25
1/6/2012,1189.5
1/9/2012,1225.75
1/10/2012,1223.75
1/11/2012,1197.5
1/12/2012,1178.5
1/13/2012,1160
1/16/2012,1160
1/17/2012,1183.5
1/18/2012,1183.5
1/19/2012,1197
1/20/2012,1187
1/23/2012,1217.5
1/24/2012,1220
1/25/2012,1213.5
1/26/2012,1222.75
1/27/2012,1219
1/30/2012,1185.25
1/31/2012,1199
2/1/2012,1215.25
2/2/2012,1217
2/3/2012,1232.5
2/6/2012,1233
2/7/2012,1232
2/8/2012,1231.5
2/9/2012,1227.5
2/10/2012,1229
2/13/2012,1252
2/14/2012,1255
2/15/2012,1261
2/16/2012,1258.25
2/17/2012,1267.5
2/20/2012,1267.5
2/21/2012,1271
2/22/2012,1272.25
2/24/2012,1279
2/27/2012,1293.75
2/28/2012,1305.25
2/29/2012,1313.5
3/1/2012,1316.75
3/2/2012,1328.25
3/5/2012,1319.25
3/6/2012,1329.75
3/7/2012,1321.5
3/8/2012,1332.5
3/9/2012,1331.75
3/12/2012,1330.5
3/13/2012,1348.75
3/14/2012,1356
3/15/2012,1369
3/16/2012,1374
3/19/2012,1366.5
3/20/2012,1345
3/21/2012,1355
3/22/2012,1349.5
3/23/2012,1365.75
3/26/2012,1379.5
3/27/2012,1369.75
3/28/2012,1367.5
3/29/2012,1355.5
3/30/2012,1403
4/2/2012,1421
4/3/2012,1416.75
4/4/2012,1419.5
4/5/2012,1434
4/9/2012,1431
4/10/2012,1426
4/11/2012,1422
4/12/2012,1441
4/13/2012,1436.75
4/16/2012,1420
4/17/2012,1425.75
4/18/2012,1407.75
4/19/2012,1415.75
4/20/2012,1446.75
4/23/2012,1437.25
4/24/2012,1461.25
4/25/2012,1473.5
4/26/2012,1481.25
4/27/2012,1496.75
4/30/2012,1503
5/1/2012,1463.5
5/2/2012,1480
5/3/2012,1468.75
5/4/2012,1475
5/7/2012,1463.5
5/8/2012,1437.75
5/9/2012,1427.75
5/10/2012,1452.25
5/11/2012,1404
5/14/2012,1390
5/15/2012,1413
5/16/2012,1422
5/17/2012,1438
5/18/2012,1405
5/21/2012,1412.5
5/22/2012,1382.25
5/23/2012,1362.5
5/24/2012,1376
5/25/2012,1382
5/28/2012,1382
5/29/2012,1386.75
5/30/2012,1373.25
5/31/2012,1340
6/1/2012,1344.25
6/4/2012,1340
6/5/2012,1349.5
6/6/2012,1386.25
6/7/2012,1428
6/8/2012,1426.25
6/11/2012,1424.75
6/12/2012,1435
6/13/2012,1408.25
6/14/2012,1386
6/15/2012,1376
6/18/2012,1384.25
6/19/2012,1433.75
6/20/2012,1446.5
6/21/2012,1438.5
6/22/2012,1442.5
6/25/2012,1482.5
6/26/2012,1470.5
6/27/2012,1471
6/28/2012,1466
6/29/2012,1512.75
7/2/2012,1532.25
7/3/2012,1572.25
7/4/2012,1572.25
7/5/2012,1626.5
7/6/2012,1619.75
7/9/2012,1665
7/10/2012,1648.75
7/11/2012,1623
7/12/2012,1625.75
7/13/2012,1642
7/16/2012,1633.75
7/17/2012,1639
7/18/2012,1683.5
7/19/2012,1733.75
7/20/2012,1757.5
7/23/2012,1698.5
7/24/2012,1649.25
7/25/2012,1694.25
7/26/2012,1655.75
7/27/2012,1684.25
7/30/2012,1725.75
7/31/2012,1721
8/1/2012,1682.25
8/2/2012,1653
8/3/2012,1656.25
8/6/2012,1607.5
8/7/2012,1605.25
8/8/2012,1630
8/9/2012,1694.5
8/10/2012,1709.5
8/13/2012,1656.25
8/14/2012,1680
8/15/2012,1659.75
8/16/2012,1656.25
8/17/2012,1671
8/20/2012,1703.75
8/21/2012,1753.5
8/22/2012,1748
8/23/2012,1727.25
8/24/2012,1737.5
8/27/2012,1729.75
8/28/2012,1732.5
8/29/2012,1763.25
8/30/2012,1770.25
8/31/2012,1764.5
9/3/2012,1764.5
9/4/2012,1771
9/5/2012,1748
9/6/2012,1744.5
9/7/2012,1731.75
9/10/2012,1713
9/11/2012,1696.5
9/12/2012,1740.75
9/13/2012,1743.5
9/14/2012,1736.5
9/17/2012,1669
9/18/2012,1640
9/19/2012,1669.5
9/20/2012,1618.75
9/21/2012,1621.75
9/24/2012,1610
9/25/2012,1611.5
9/26/2012,1573
9/27/2012,1570.75
9/28/2012,1601
10/1/2012,1560.25
10/2/2012,1530.5
10/3/2012,1531.75
10/4/2012,1551.5
10/5/2012,1551.5
10/8/2012,1551
10/9/2012,1550
10/10/2012,1523.25
10/11/2012,1548.5
10/12/2012,1522.5
10/15/2012,1492.5
10/16/2012,1493.75
10/17/2012,1509.25
10/18/2012,1545.5
10/19/2012,1534.25
10/22/2012,1546.5
10/23/2012,1553.25
10/24/2012,1570.5
10/25/2012,1564
10/26/2012,1561.25
10/29/2012,1527.25
10/30/2012,1533.75
10/31/2012,1547
11/1/2012,1558.5
11/2/2012,1527
11/5/2012,1504.25
11/6/2012,1516.75
11/7/2012,1508.75
11/8/2012,1499.25
11/9/2012,1452
11/12/2012,1411
11/13/2012,1427
11/14/2012,1432.75
11/15/2012,1402
11/16/2012,1383.25
11/19/2012,1394.75
11/20/2012,1412.75
11/21/2012,1412.75
11/22/2012,1408.25
11/23/2012,1418.75
11/26/2012,1424.75
11/27/2012,1449.25
11/28/2012,1446.25
11/29/2012,1448
11/30/2012,1438.75
12/3/2012,1453.75
12/4/2012,1455.5
12/5/2012,1479.25
12/6/2012,1491.25
12/7/2012,1472.25
12/10/2012,1474.75
12/11/2012,1472
12/12/2012,1473.5
12/13/2012,1476.5
12/14/2012,1496
12/17/2012,1496.25
12/18/2012,1466
12/19/2012,1437
12/20/2012,1408.75
12/21/2012,1430.75
12/24/2012,1439.75
12/26/2012,1424.5
12/27/2012,1418.75
12/28/2012,1424
12/31/2012,1418.75
1/2/2013,1405.5
1/3/2013,1403
1/4/2013,1389
1/7/2013,1410.75
1/8/2013,1413.75
1/9/2013,1419.75
1/10/2013,1417.5
1/11/2013,1424.75
1/14/2013,1459.75
1/15/2013,1413.5
1/16/2013,1436.5
1/17/2013,1430.25
1/18/2013,1429.25
1/21/2013,1429.25
1/22/2013,1451.75
1/23/2013,1437
1/24/2013,1435.25
1/25/2013,1441
1/28/2013,1447.75
1/29/2013,1451.75
1/30/2013,1478.75
1/31/2013,1468.5
2/1/2013,1474.25
2/4/2013,1488.75
2/5/2013,1495.5
2/6/2013,1487.5
2/7/2013,1486.75
2/8/2013,1452.5
2/11/2013,1431.5
2/12/2013,1420.75
2/13/2013,1423
2/14/2013,1418
2/15/2013,1424.5
2/18/2013,1424.5
2/19/2013,1470.25
2/20/2013,1482.75
2/21/2013,1487.75
2/22/2013,1461.25
2/25/2013,1451.25
2/26/2013,1447.75
2/27/2013,1457.5
2/28/2013,1474.25
3/1/2013,1464.5
3/5/2013,1496.5
3/6/2013,1484.5
3/7/2013,1503.5
3/8/2013,1508.5
3/11/2013,1514.75
3/12/2013,1489.75
3/13/2013,1475
3/14/2013,1457.25
3/15/2013,1426
3/18/2013,1409.5
3/19/2013,1406.75
3/20/2013,1419.75
3/21/2013,1449
3/22/2013,1440.5
3/25/2013,1437.25
3/26/2013,1447.75
3/27/2013,1453.75
3/28/2013,1404.75
3/29/2013,1404.75
4/1/2013,1390.75
4/2/2013,1394
4/3/2013,1380.25
4/4/2013,1372
4/5/2013,1361.75
4/8/2013,1378
4/9/2013,1395.5
4/10/2013,1392.75
4/12/2013,1413
4/15/2013,1395
4/16/2013,1411.5
4/17/2013,1422.25
4/18/2013,1430.5
4/19/2013,1428.25
4/22/2013,1417.25
4/23/2013,1419.75
4/24/2013,1404
4/25/2013,1423.5
4/26/2013,1430.75
4/29/2013,1471.75
4/30/2013,1467.75
5/1/2013,1437.5
5/2/2013,1441
5/3/2013,1455
5/6/2013,1444.5
5/7/2013,1463.5
5/8/2013,1479
5/9/2013,1491.25
5/13/2013,1521
5/14/2013,1524.5
5/15/2013,1412.75
5/16/2013,1427.5
5/17/2013,1448.5
5/20/2013,1464.5
5/21/2013,1478.25
5/22/2013,1494.25
5/23/2013,1499.5
5/24/2013,1476.25
5/27/2013,1476.25
5/28/2013,1509.25
5/29/2013,1501.75
5/30/2013,1495.75
5/31/2013,1510
6/3/2013,1532.5
6/4/2013,1528.75
6/5/2013,1532
6/6/2013,1527.25
6/7/2013,1528.25
6/10/2013,1511.75
6/11/2013,1540.5
6/12/2013,1540.75
6/13/2013,1510.25
6/14/2013,1516.5
6/17/2013,1512.5
6/18/2013,1510.75
6/19/2013,1523
6/20/2013,1497.5
6/21/2013,1493.25
6/24/2013,1512
6/25/2013,1525.25
6/26/2013,1534.25
6/27/2013,1548.5
6/28/2013,1564.5
7/1/2013,1570.5
7/2/2013,1573
7/3/2013,1583.5
7/4/2013,1583.5
7/5/2013,1588
7/8/2013,1609.25
7/9/2013,1613.25
7/10/2013,1591.75
7/11/2013,1601.25
7/12/2013,1563.25
7/15/2013,1453.75
7/16/2013,1475.25
7/17/2013,1477.5
7/18/2013,1469.25
7/19/2013,1490.75
7/22/2013,1520.25
7/23/2013,1462.5
7/24/2013,1392.5
7/25/2013,1355.25
7/26/2013,1349.75
7/29/2013,1367.5
7/30/2013,1350
7/31/2013,1374
8/1/2013,1357.75
8/2/2013,1331
8/5/2013,1329.75
8/6/2013,1324.25
8/7/2013,1327.75
8/8/2013,1355.75
8/9/2013,1340.75
8/12/2013,1373.75
8/13/2013,1359.75
8/14/2013,1368
8/15/2013,1288.25
8/16/2013,1283.25
8/19/2013,1322
8/20/2013,1309.25
8/21/2013,1333
8/22/2013,1322
8/23/2013,1365.25
8/26/2013,1427.75
8/27/2013,1414
8/28/2013,1433
8/29/2013,1430
8/30/2013,1424
9/2/2013,1424
9/3/2013,1435.5
9/4/2013,1397.75
9/5/2013,1423
9/6/2013,1437
9/9/2013,1404.25
9/10/2013,1403.75
9/11/2013,1405.25
9/12/2013,1442
9/13/2013,1488.75
9/16/2013,1348.25
9/17/2013,1342.5
9/18/2013,1347.75
9/19/2013,1339.5
9/20/2013,1315.25
9/23/2013,1307.75
9/24/2013,1312.5
9/25/2013,1321.75
9/26/2013,1316.75
9/27/2013,1319.75
9/30/2013,1282.75
10/1/2013,1268
10/2/2013,1273.75
10/3/2013,1288.25
10/4/2013,1295
10/7/2013,1296.5
10/8/2013,1288.75
10/9/2013,1287.75
10/10/2013,1288
10/11/2013,1266.75
10/14/2013,1273
10/15/2013,1267
10/16/2013,1276.5
10/17/2013,1293.25
10/18/2013,1291.25
10/21/2013,1303.25
10/22/2013,1302.25
10/23/2013,1310
10/24/2013,1309.75
10/25/2013,1300
10/28/2013,1271.25
10/29/2013,1279
10/30/2013,1287.5
10/31/2013,1280.25
11/1/2013,1266
11/4/2013,1264
11/5/2013,1259.25
11/6/2013,1263
11/7/2013,1278.75
11/8/2013,1306
11/11/2013,1308
11/12/2013,1319.25
11/13/2013,1319.75
11/14/2013,1317.25
11/15/2013,1280.5
11/18/2013,1287.5
11/19/2013,1276.25
11/20/2013,1273.75
11/21/2013,1291.5
11/22/2013,1319.5
11/25/2013,1329.25
11/26/2013,1329.25
11/27/2013,1320
11/28/2013,1320
11/29/2013,1336.5
12/2/2013,1321.25
12/3/2013,1319.75
12/4/2013,1329.5
12/5/2013,1328
12/6/2013,1325.5
12/9/2013,1343.75
12/10/2013,1338.25
12/11/2013,1344
12/12/2013,1323.75
12/13/2013,1327.5
12/16/2013,1337.75
12/17/2013,1346.5
12/18/2013,1324
12/19/2013,1327
12/20/2013,1339
12/23/2013,1328.5
12/24/2013,1333.75
12/26/2013,1318.75
12/27/2013,1331.5
12/30/2013,1328.25
12/31/2013,1328.25
1/2/2014,1287
1/3/2014,1289.25
1/6/2014,1296.75
1/7/2014,1299.5
1/8/2014,1300.75
1/9/2014,1296.25
1/10/2014,1303.75
1/13/2014,1326.75
1/14/2014,1339
1/15/2014,1318
1/16/2014,1315
1/17/2014,1316.5
1/20/2014,1316.5
1/21/2014,1280.5
1/22/2014,1279.5
1/23/2014,1277
1/24/2014,1284.75
1/27/2014,1287.75
1/28/2014,1285.5
1/29/2014,1269.25
1/30/2014,1275
1/31/2014,1282.75
2/3/2014,1292.75
2/4/2014,1313.25
2/5/2014,1316.25
2/6/2014,1325.75
2/7/2014,1331.5
2/10/2014,1325.5
2/11/2014,1334.75
2/12/2014,1323
2/13/2014,1344.25
2/14/2014,1337.5
2/17/2014,1337.5
2/18/2014,1361
2/19/2014,1354.25
2/20/2014,1358.25
2/21/2014,1370.75
2/24/2014,1386.5
2/25/2014,1399
2/26/2014,1407.25
2/27/2014,1393.5
2/28/2014,1414.25
3/3/2014,1407.25
3/4/2014,1418
3/5/2014,1420
3/6/2014,1437.5
3/7/2014,1457.5
3/10/2014,1419.25
3/11/2014,1411.5
3/12/2014,1381.75
3/13/2014,1390.75
3/14/2014,1376
3/17/2014,1391.75
3/18/2014,1418.25
3/19/2014,1431.25
3/20/2014,1433.75
3/21/2014,1408.75
3/24/2014,1425.5
3/25/2014,1428
3/26/2014,1440
3/27/2014,1436.5
3/28/2014,1436.5
3/31/2014,1464
4/1/2014,1484.5
4/2/2014,1462.25
4/3/2014,1475.25
4/4/2014,1473.75
4/7/2014,1464.25
4/8/2014,1482.5
4/9/2014,1495.25
4/10/2014,1482.25
4/11/2014,1463
4/14/2014,1476.25
4/15/2014,1501.25
4/17/2014,1514
4/18/2014,1514
4/21/2014,1498.75
4/22/2014,1479.75
4/23/2014,1468.5
4/24/2014,1472
4/25/2014,1498
4/28/2014,1508.25
4/29/2014,1524
4/30/2014,1530.75
5/1/2014,1473.5
5/2/2014,1480.75
5/5/2014,1472
5/6/2014,1464
5/7/2014,1451
5/8/2014,1474.25
5/9/2014,1501
5/12/2014,1483.75
5/13/2014,1502.25
5/14/2014,1496.25
5/15/2014,1470.25
5/16/2014,1465
5/19/2014,1485.25
5/20/2014,1469.75
5/21/2014,1505.25
5/22/2014,1518.75
5/23/2014,1515.5
5/26/2014,1515.5
5/27/2014,1488.75
5/28/2014,1497.75
5/29/2014,1499
5/30/2014,1493.25
6/2/2014,1500.5
6/3/2014,1481.25
6/4/2014,1482.5
6/5/2014,1460.5
6/6/2014,1457
6/9/2014,1457
6/10/2014,1462.5
6/11/2014,1445.5
6/12/2014,1415.25
6/13/2014,1425.75
6/16/2014,1421.75
6/17/2014,1398.25
6/18/2014,1409
6/19/2014,1420.75
6/20/2014,1415.75
6/23/2014,1424.75
6/24/2014,1413.5
6/25/2014,1415.75
6/26/2014,1437
6/27/2014,1432
6/30/2014,1400.5
7/1/2014,1400
7/2/2014,1392.5
7/3/2014,1387.75
7/4/2014,1387.75
7/7/2014,1363
7/8/2014,1329.75
7/9/2014,1334.5
7/10/2014,1329.75
7/11/2014,1295.75
7/14/2014,1295
7/15/2014,1180.5
7/16/2014,1187.25
7/17/2014,1174.75
7/18/2014,1176.75
7/21/2014,1175.75
7/22/2014,1184
7/23/2014,1201
7/24/2014,1207.5
7/25/2014,1212.25
7/28/2014,1236.5
7/29/2014,1226.5
7/30/2014,1220.5
7/31/2014,1224.5
8/1/2014,1215
8/4/2014,1232.5
8/5/2014,1222.75
8/6/2014,1237
8/7/2014,1250
8/8/2014,1284.75
8/11/2014,1314.75
8/12/2014,1290
8/13/2014,1264.5
8/14/2014,1224.5
8/15/2014,1102.5
8/18/2014,1115.5
8/19/2014,1120.25
8/20/2014,1119.75
8/21/2014,1136.25
8/22/2014,1166
8/25/2014,1125.75
8/26/2014,1075.5
8/27/2014,1085.75
8/28/2014,1073.75
8/29/2014,1089.5
9/1/2014,1089.5
9/2/2014,1097.25
9/3/2014,1080.75
9/4/2014,1064.25
9/5/2014,1085.5
9/8/2014,1090.75
9/9/2014,1076.5
9/10/2014,1071
9/11/2014,1061.5
9/12/2014,1091
9/15/2014,989.5
9/16/2014,980.75
9/17/2014,982.5
9/18/2014,971.5
9/19/2014,957
9/22/2014,938.25
9/23/2014,936.25
9/24/2014,936.75
9/25/2014,922.75
9/26/2014,910.25
9/29/2014,923.5
9/30/2014,913.25
10/1/2014,916.75
10/2/2014,924.5
10/3/2014,912.25
10/6/2014,942.25
10/7/2014,940.75
10/8/2014,935
10/9/2014,942
10/10/2014,922.5
10/13/2014,945.25
10/14/2014,964.75
10/15/2014,952.5
10/16/2014,966.5
10/17/2014,951.75
10/20/2014,944.25
10/21/2014,964.25
10/22/2014,962.75
10/23/2014,993.25
10/24/2014,977.5
10/27/2014,1006
10/28/2014,1008
10/29/2014,1043
10/30/2014,1024.25
10/31/2014,1046.5
11/3/2014,1028.75
11/4/2014,1010
11/5/2014,1020.5
11/6/2014,1031
11/7/2014,1040.25
11/10/2014,1027.5
11/11/2014,1066.5
11/12/2014,1048.25
11/13/2014,1050.5
11/14/2014,1021
11/17/2014,1036.25
11/18/2014,1023.25
11/19/2014,1004.75
11/20/2014,1020.5
11/21/2014,1039
11/24/2014,1033.75
11/25/2014,1051
11/26/2014,1047
11/27/2014,1047
11/28/2014,1016
12/1/2014,1017
12/2/2014,995.75
12/3/2014,998.25
12/4/2014,1010.5
12/5/2014,1036
12/8/2014,1043.75
12/9/2014,1049.25
12/10/2014,1032
12/11/2014,1042.25
12/12/2014,1047.25
12/15/2014,1039.5
12/16/2014,1023.5
12/17/2014,1027
12/18/2014,1035
12/19/2014,1030.5
12/22/2014,1038.25
12/23/2014,1038.5
12/24/2014,1028.75
12/26/2014,1047.5
12/29/2014,1041.75
12/30/2014,1037.75
12/31/2014,1019.25
1/2/2015,1002.5
1/5/2015,1039.75
1/6/2015,1051
1/7/2015,1052.75
1/8/2015,1045
1/9/2015,1051.5
1/12/2015,1013.5
1/13/2015,1000
1/14/2015,992.5
1/15/2015,991
1/16/2015,991.75
1/19/2015,991.75
1/20/2015,982
1/21/2015,983.5
1/22/2015,976.75
1/23/2015,972.75
1/26/2015,983.5
1/27/2015,973.75
1/28/2015,970.25
1/29/2015,968.25
1/30/2015,961
2/2/2015,959.5
2/3/2015,987
2/4/2015,972
2/5/2015,981.25
2/6/2015,973.5
2/9/2015,978.5
2/10/2015,969
2/11/2015,977.75
2/12/2015,983.75
2/13/2015,990.5
2/16/2015,990.5
2/17/2015,1007.75
2/18/2015,995.75
2/19/2015,1007.25
2/20/2015,999.25
2/23/2015,999.25
2/24/2015,1016
2/25/2015,1007.75
2/26/2015,1024
2/27/2015,1030.75
3/2/2015,1011.25
3/3/2015,1008.75
3/4/2015,989
3/5/2015,979.25
3/6/2015,979.25
3/9/2015,988.25
3/10/2015,980
3/11/2015,989
3/12/2015,986.5
3/13/2015,968.25
3/16/2015,969.25
3/17/2015,954.5
3/18/2015,965
3/19/2015,961.75
3/20/2015,973.75
3/23/2015,983.5
3/24/2015,981.75
3/25/2015,978.75
3/26/2015,974.5
3/27/2015,967.25
3/30/2015,967.75
3/31/2015,973.25
4/1/2015,989.75
4/2/2015,986
4/3/2015,986
4/6/2015,978.5
4/7/2015,971
4/8/2015,971.5
4/9/2015,953.5
4/10/2015,951.5
4/13/2015,948.75
4/14/2015,960.25
4/15/2015,965
4/16/2015,966
4/17/2015,968.75
4/20/2015,977.5
4/21/2015,975.25
4/22/2015,970.5
4/23/2015,978.25
4/24/2015,969.75
4/27/2015,973
4/28/2015,977.5
4/29/2015,988.5
4/30/2015,978.5
5/1/2015,968.5
5/4/2015,983
5/5/2015,993.5
5/6/2015,990.5
5/7/2015,981.5
5/8/2015,984.5
5/11/2015,983
5/12/2015,967
5/13/2015,975
5/14/2015,963
5/15/2015,953.25
5/18/2015,954.5
5/19/2015,946.25
5/20/2015,941.25
5/21/2015,938.5
5/22/2015,924.25
5/25/2015,924.25
5/26/2015,922.5
5/27/2015,927
5/28/2015,926
5/29/2015,934
6/1/2015,926
6/2/2015,940.75
6/3/2015,935.25
6/4/2015,946.5
6/5/2015,937.75
6/8/2015,944.25
6/9/2015,951.5
6/10/2015,949.5
6/11/2015,940
6/12/2015,940
6/15/2015,937.75
6/16/2015,957.5
6/17/2015,969
6/18/2015,977.75
6/19/2015,971.5
6/22/2015,989.5
6/23/2015,987.5
6/24/2015,981.75
6/25/2015,1000.25
6/26/2015,1002
6/29/2015,1002.5
6/30/2015,1056.25
7/1/2015,1044
7/2/2015,1045.25
7/6/2015,1033.75
7/7/2015,1002
7/8/2015,1006.25
7/9/2015,1037.75
7/10/2015,1043.5
7/13/2015,1045.25
7/14/2015,1039
7/15/2015,1025
7/16/2015,1019
7/17/2015,1014.75
7/20/2015,1007.75
7/21/2015,1018.75
7/22/2015,1020.75
7/23/2015,1010
7/24/2015,991.25
7/27/2015,961.25
7/28/2015,974.75
7/29/2015,983
7/30/2015,990.25
7/31/2015,980.75
8/3/2015,977.5
8/4/2015,976
8/5/2015,991.75
8/6/2015,985.5
8/7/2015,1009
8/10/2015,1044.75
8/11/2015,1014
8/12/2015,951
8/13/2015,993
8/14/2015,978.5
8/17/2015,927
8/18/2015,913.25
8/19/2015,903.5
8/20/2015,921.5
8/21/2015,905.25
8/24/2015,892.75
8/25/2015,894.25
8/26/2015,877.75
8/27/2015,886.25
8/28/2015,893.25
8/31/2015,897.5
9/1/2015,884.75
9/2/2015,883.75
9/3/2015,879.75
9/4/2015,877.25
9/7/2015,877.25
9/8/2015,890.75
9/9/2015,882.75
9/10/2015,884.5
9/11/2015,887.75
9/14/2015,882.75
9/15/2015,889
9/16/2015,887.25
9/17/2015,884.5
9/18/2015,867.25
9/21/2015,874.25
9/22/2015,861.75
9/23/2015,863.75
9/24/2015,868
9/25/2015,889.25
9/28/2015,876.75
9/29/2015,884.25
9/30/2015,892
10/1/2015,877.25
10/2/2015,874.25
10/5/2015,884.25
10/6/2015,888
10/7/2015,891
10/8/2015,881.25
10/9/2015,885.75
10/12/2015,887.5
10/13/2015,914
10/14/2015,910.5
10/15/2015,905.25
10/16/2015,898.25
10/19/2015,891
10/20/2015,896
10/21/2015,905.25
10/22/2015,898.75
10/23/2015,895.5
10/26/2015,885
10/27/2015,891.25
10/28/2015,881.5
10/29/2015,878.75
10/30/2015,883.75
11/2/2015,877.75
11/3/2015,878.5
11/4/2015,882
11/5/2015,867.75
11/6/2015,871.25
11/9/2015,873.5
11/10/2015,864.5
11/11/2015,868.5
11/12/2015,869.25
11/13/2015,859
11/16/2015,859.5
11/17/2015,864
11/18/2015,857.75
11/19/2015,860
11/20/2015,857.5
11/23/2015,864.25
11/24/2015,863.75
11/25/2015,875.25
11/26/2015,875.25
11/27/2015,873
11/30/2015,881
12/1/2015,889.25
12/2/2015,892.25
12/3/2015,897.5
12/4/2015,906
12/7/2015,882.25
12/8/2015,876.75
12/9/2015,876.75
12/10/2015,878.25
12/11/2015,870.75
12/14/2015,874.25
12/15/2015,867.25
12/16/2015,862.5
12/17/2015,877
12/18/2015,892.25
12/21/2015,891.25
12/22/2015,885.25
12/23/2015,881.75
12/24/2015,875.25
12/28/2015,865
12/29/2015,870
12/30/2015,875.5
12/31/2015,871.25
1/4/2016,864.5
1/5/2016,867.75
1/6/2016,875.75
1/7/2016,877
1/8/2016,879.5
1/11/2016,881
1/12/2016,890.75
1/13/2016,899
1/14/2016,896
1/15/2016,879
1/18/2016,879
1/19/2016,883.5
1/20/2016,874
1/21/2016,878.5
1/22/2016,876.5
1/25/2016,880.5
1/26/2016,876.5
1/27/2016,883
1/28/2016,867.75
1/29/2016,882.25
2/1/2016,880.75
2/2/2016,886.25
2/3/2016,876.75
2/4/2016,874.5
2/5/2016,867.5
2/8/2016,862.5
2/9/2016,863.25
2/10/2016,862.25
2/11/2016,873.5
2/12/2016,872.75
2/15/2016,872.75
2/16/2016,879.75
2/17/2016,882.5
2/18/2016,879.75
2/19/2016,878.25
2/22/2016,881
2/23/2016,869.25
2/24/2016,867.5
2/25/2016,859
2/26/2016,855
2/29/2016,853
3/1/2016,850.75
3/2/2016,854.25
3/3/2016,856.25
3/4/2016,870.5
3/7/2016,873.5
3/8/2016,877.5
3/9/2016,880
3/10/2016,881.75
3/11/2016,888
3/14/2016,888
3/15/2016,892
3/17/2016,897.75
3/18/2016,897.5
3/21/2016,902
3/22/2016,910.25
3/23/2016,905.25
3/24/2016,910.5
3/25/2016,910.5
3/28/2016,909
3/29/2016,916
3/30/2016,909
3/31/2016,910.75
4/1/2016,918.25
4/4/2016,913.5
4/5/2016,904.75
4/6/2016,908
4/7/2016,904.5
4/8/2016,916.75
4/11/2016,928.25
4/12/2016,936.25
4/13/2016,955.75
4/14/2016,948
4/15/2016,956
4/18/2016,954.25
4/19/2016,985.5
4/20/2016,1009.75
4/21/2016,1018.75
4/22/2016,987
4/25/2016,999.75
4/26/2016,1017.75
4/27/2016,1019
4/28/2016,1018
4/29/2016,1021
5/2/2016,1035.5
5/3/2016,1021.5
5/4/2016,1024.5
5/5/2016,1003.5
5/6/2016,1026.25
5/9/2016,1018.75
5/10/2016,1076
5/11/2016,1069.75
5/12/2016,1064.5
5/13/2016,1055
5/16/2016,1064.5
5/17/2016,1080.25
5/18/2016,1075.25
5/19/2016,1071.5
5/20/2016,1074.25
5/23/2016,1058.5
5/24/2016,1054.75
5/25/2016,1085.5
5/26/2016,1079.75
5/27/2016,1086.5
5/30/2016,1086.5
5/31/2016,1078.5
6/1/2016,1099.75
6/2/2016,1144.25
6/3/2016,1132
6/6/2016,1138.25
6/7/2016,1141.25
6/8/2016,1177.75
6/9/2016,1176
6/10/2016,1178.25
6/13/2016,1169
6/14/2016,1169.5
6/15/2016,1156
6/16/2016,1134.5
6/17/2016,1159.5
6/20/2016,1143.5
6/21/2016,1133.25
6/22/2016,1137.5
6/23/2016,1124.5
6/24/2016,1103
6/27/2016,1133
6/28/2016,1150.5
6/29/2016,1144.5
6/30/2016,1175
7/1/2016,1168.75
7/4/2016,1168.75
7/5/2016,1117
7/6/2016,1106.25
7/7/2016,1054.25
7/8/2016,1089.75
7/11/2016,1082.75
7/12/2016,1107.25
7/13/2016,1128
7/14/2016,1111.5
7/15/2016,1072.5
7/18/2016,1078.25
7/19/2016,1044
7/20/2016,1027
7/21/2016,1032.5
7/22/2016,1006.5
7/25/2016,983.75
7/26/2016,993.5
7/27/2016,1010.5
7/28/2016,1003.5
7/29/2016,1032.5
8/1/2016,996
8/2/2016,985.25
8/3/2016,990.5
8/4/2016,990.5
8/5/2016,1003.75
8/8/2016,1018.75
8/9/2016,1022
8/10/2016,1017
8/11/2016,1022.25
8/12/2016,1003.25
8/15/2016,1023.75
8/16/2016,1019.5
8/17/2016,1030.5
8/18/2016,1032.25
8/19/2016,1027
8/22/2016,1035.25
8/23/2016,1034.25
8/24/2016,1030.75
8/25/2016,998.25
8/26/2016,990.75
8/29/2016,983.25
8/30/2016,965.5
8/31/2016,960
9/1/2016,959
9/2/2016,968.5
9/5/2016,968.5
9/6/2016,974.25
9/7/2016,991.75
9/8/2016,992
9/9/2016,997.25
9/12/2016,984.5
9/13/2016,968.25
9/14/2016,972
9/15/2016,950.5
9/16/2016,966
9/19/2016,972.5
9/20/2016,989.75
9/21/2016,975.5
9/22/2016,976.5
9/23/2016,955
9/26/2016,945.25
9/27/2016,952.5
9/28/2016,945.5
9/29/2016,950.25
9/30/2016,954
10/3/2016,973
10/4/2016,963.5
10/5/2016,956.75
10/6/2016,958.5
10/7/2016,956.75
10/10/2016,954.5
10/11/2016,954.25
10/12/2016,945.5
10/13/2016,956.25
10/14/2016,962.5
10/17/2016,978.25
10/18/2016,972.5
10/19/2016,981.5
10/20/2016,975.5
10/21/2016,983
10/24/2016,992
10/25/2016,990.75
10/26/2016,1010
10/27/2016,1014.25
10/28/2016,1001.25
10/31/2016,1002.25
11/1/2016,984.25
11/2/2016,976.75
11/3/2016,979.75
11/4/2016,981.5
11/7/2016,989.25
11/8/2016,1001.75
11/9/2016,982
11/10/2016,989
11/11/2016,978.5
11/14/2016,971
11/15/2016,989.5
11/16/2016,985.75
11/17/2016,989.5
11/18/2016,993.75
11/21/2016,1020.25
11/22/2016,1030
11/23/2016,1034.25
11/24/2016,1034.25
11/25/2016,1046
11/28/2016,1056
11/29/2016,1042.5
11/30/2016,1032.25
12/1/2016,1029.75
12/2/2016,1027.5
12/5/2016,1043.5
12/6/2016,1047.75
12/7/2016,1049
12/8/2016,1027
12/9/2016,1037.5
12/12/2016,1031
12/13/2016,1028
12/14/2016,1023.75
12/15/2016,1029
12/16/2016,1036.75
12/19/2016,1021.5
12/20/2016,1005.25
12/21/2016,1006.75
12/22/2016,994.5
12/23/2016,989
12/26/2016,989
12/27/2016,1014.75
12/28/2016,1006.75
12/29/2016,1003.25
12/30/2016,996.5
1/2/2017,996.5
1/3/2017,986.75
1/4/2017,1006.25
1/5/2017,1003.5
1/6/2017,986
1/9/2017,996.5
1/10/2017,1005.5
1/11/2017,1003
1/12/2017,1032
1/13/2017,1042.5
1/16/2017,1042.5
1/17/2017,1069.25
1/18/2017,1075
1/19/2017,1070.25
1/20/2017,1067.5
1/23/2017,1057.75
1/24/2017,1058.5
1/25/2017,1055.25
1/26/2017,1049.5
1/27/2017,1049.25
1/30/2017,1022.75
1/31/2017,1024.5
2/1/2017,1036.75
2/2/2017,1037.25
2/3/2017,1027
2/6/2017,1036
2/7/2017,1042.75
2/8/2017,1058.75
2/9/2017,1050.5
2/10/2017,1059
2/13/2017,1054.25
2/14/2017,1045
2/15/2017,1061.25
2/16/2017,1043.75
2/17/2017,1032.5
2/20/2017,1032.5
2/21/2017,1026.25
2/22/2017,1022.75
2/23/2017,1011.5
2/24/2017,1013.5
2/27/2017,1011
2/28/2017,1025
3/1/2017,1041.25
3/2/2017,1026.75
3/3/2017,1027
3/6/2017,1026.75
3/7/2017,1014.75
3/8/2017,1011
3/9/2017,1000.25
3/10/2017,996.25
3/13/2017,996.25
3/14/2017,987.25
3/15/2017,998
3/16/2017,1001.5
3/17/2017,1000
3/20/2017,999.5
3/21/2017,1001.5
3/22/2017,999.75
3/23/2017,991
3/24/2017,975.75
3/27/2017,971.5
3/28/2017,972
3/29/2017,969
3/30/2017,963
3/31/2017,946
4/3/2017,938.25
4/4/2017,937.75
4/5/2017,944.25
4/6/2017,941.5
4/7/2017,942
4/10/2017,941.75
4/11/2017,939.25
4/12/2017,947.75
4/13/2017,955.5
4/14/2017,955.5
4/17/2017,953.25
4/18/2017,946
4/19/2017,950.25
4/20/2017,946.75
4/21/2017,951
4/24/2017,961.25
4/25/2017,954.5
4/26/2017,945.75
4/27/2017,945.75
4/28/2017,945.25
5/1/2017,959
5/2/2017,958
5/3/2017,965.5
5/4/2017,965.25
5/5/2017,963
5/8/2017,956.25
5/9/2017,965.25
5/10/2017,961.75
5/11/2017,956
5/12/2017,954
5/15/2017,965.25
5/16/2017,976.25
5/17/2017,975.75
5/18/2017,944.75
5/19/2017,953
5/22/2017,956.5
5/23/2017,948.25
5/24/2017,948.25
5/25/2017,939.5
5/26/2017,926.5
5/29/2017,926.5
5/30/2017,912.75
5/31/2017,916
6/1/2017,912.25
6/2/2017,921.25
6/5/2017,922
6/6/2017,923.5
6/7/2017,930.75
6/8/2017,938
6/9/2017,941.5
6/12/2017,931.25
6/13/2017,932.5
6/14/2017,931.75
6/15/2017,934.75
6/16/2017,939
6/19/2017,937.75
6/20/2017,927.75
6/21/2017,918.75
6/22/2017,904
6/23/2017,904.5
6/26/2017,906.75
6/27/2017,911.25
6/28/2017,914
6/29/2017,915.5
6/30/2017,942.25
7/3/2017,964.75
7/4/2017,964.75
7/5/2017,976.25
7/6/2017,980.75
7/7/2017,996
7/10/2017,1020.25
7/11/2017,1025.25
7/12/2017,1016.75
7/13/2017,972.5
7/14/2017,985.25
7/17/2017,985
7/18/2017,989.5
7/19/2017,999.75
7/20/2017,1013.25
7/21/2017,1009
7/24/2017,997.5
7/25/2017,981.5
7/26/2017,988.75
7/27/2017,994.75
7/28/2017,1000.75
7/31/2017,994.5
8/1/2017,959.5
8/2/2017,966.5
8/3/2017,950.5
8/4/2017,949.25
8/7/2017,959.75
8/8/2017,963
8/9/2017,963
8/10/2017,930.75
8/11/2017,935.5
8/14/2017,925.5
8/15/2017,921.75
8/16/2017,921.75
8/17/2017,930.25
8/18/2017,937.5
8/21/2017,932.5
8/22/2017,933.75
8/23/2017,935
8/24/2017,941.25
8/25/2017,939
8/28/2017,935.25
8/29/2017,930.75
8/30/2017,923
8/31/2017,936.25
9/1/2017,942
9/4/2017,942
9/5/2017,960.5
9/6/2017,964.5
9/7/2017,963.25
9/8/2017,956.5
9/11/2017,954.75
9/12/2017,944.25
9/13/2017,953
9/14/2017,967.25
9/15/2017,968.75
9/18/2017,967.75
9/19/2017,965.5
9/20/2017,970
9/21/2017,970.75
9/22/2017,984.25
9/25/2017,971.25
9/26/2017,963.5
9/27/2017,965.5
9/28/2017,959.5
9/29/2017,968.25
10/2/2017,957.25
10/3/2017,955.25
10/4/2017,958.25
10/5/2017,968.25
10/6/2017,972.25
10/9/2017,966.75
10/10/2017,966
10/11/2017,965.25
10/12/2017,992
10/13/2017,1000.25
10/16/2017,991
10/17/2017,984.75
10/18/2017,984.25
10/19/2017,986.5
10/20/2017,978.75
10/23/2017,980.75
10/24/2017,975.5
10/25/2017,975.5
10/26/2017,971.25
10/27/2017,975.25
10/30/2017,972.75
10/31/2017,973.75
11/1/2017,981
11/2/2017,989
11/3/2017,977
11/6/2017,984
11/7/2017,986
11/8/2017,988
11/9/2017,975.25
11/10/2017,977.25
11/13/2017,963.5
11/14/2017,959
11/15/2017,976.25
11/16/2017,972
11/17/2017,990.5
11/20/2017,990
11/21/2017,989
11/22/2017,997.25
11/23/2017,997.25
11/24/2017,993.25
11/27/2017,996
11/28/2017,993
11/29/2017,992.5
11/30/2017,985.75
12/1/2017,994.25
12/4/2017,998.5
12/5/2017,1008.5
12/6/2017,1002.75
12/7/2017,992
12/8/2017,989.75
12/11/2017,982.5
12/12/2017,975.75
12/13/2017,979.25
12/14/2017,967.75
12/15/2017,967.25
12/18/2017,961.5
12/19/2017,956
12/20/2017,954
12/21/2017,948.75
12/22/2017,949.5
12/26/2017,959.25
12/27/2017,955.5
12/28/2017,945.75
12/29/2017,951.75
